CREATE TABLE TACPHAM(
    NT SMALLINT PRIMARY KEY,
    TUA VARCHAR(150),
    TACGIA VARCHAR(100)
);

CREATE TABLE DOCGIA(
    ND SMALLINT PRIMARY KEY,
    HO VARCHAR(30),
    TEN VARCHAR(30),
    DCHI VARCHAR(100),
    TEL CHAR(10)
);

CREATE TABLE SACH(
    NS SMALLINT PRIMARY KEY,
    NXB VARCHAR(50),
    NT SMALLINT NOT NULL REFERENCES TACPHAM(NT)
);

CREATE TABLE MUON(
    NS SMALLINT NOT NULL REFERENCES SACH(NS),
    NGAYMUON DATE NOT NULL,
    HANTRA DATE NOT NULL,
    NGAYTRA DATE,
    ND SMALLINT NOT NULL REFERENCES DOCGIA(ND),
    PRIMARY KEY (NS, NGAYMUON)
);

INSERT INTO TACPHAM VALUES (1,'Les miserables','Victor Hugo');
INSERT INTO TACPHAM VALUES (2,'Germinal ','Emile Zola');
INSERT INTO TACPHAM VALUES (3,'Madame Bovary','Gustave Flaubert');
INSERT INTO TACPHAM VALUES (4,'Les Fleurs du mal','Charles Baudelaire');
INSERT INTO TACPHAM VALUES (5,'La Bete Humaine','Emile Zola');
INSERT INTO TACPHAM VALUES (6,'Le Pere Goriot ','Honore de Balzac');
INSERT INTO TACPHAM VALUES (7,'Le Rouge et le Noir','Stendhal');
INSERT INTO TACPHAM VALUES (8,'Une vie','Guy de Maupassant');
INSERT INTO TACPHAM VALUES (9,'Ubu Roi','Alfred Jarry');
INSERT INTO TACPHAM VALUES (10,'Po?e','Arthur Rimbaud');
INSERT INTO TACPHAM VALUES (11,'La Mare au Diable','George Sand');
INSERT INTO TACPHAM VALUES (12,'Carmen','Prosper Merimee');
INSERT INTO TACPHAM VALUES (13,'Lettres de mon moulin','Alphonse Daudet');
INSERT INTO TACPHAM VALUES (14,'Les contes du chat perché', 'Marcel Ayme');
INSERT INTO TACPHAM VALUES (15,'La Peste','Albert Camus');
INSERT INTO TACPHAM VALUES (16,'Le petit prince','Antoine de St Exupery');

INSERT INTO DOCGIA VALUES (1,'Lecoeur','Jeanette','16 rue de la R?blique, 75010 Paris','0145279274');
INSERT INTO DOCGIA VALUES (2,'Lecoeur','Philippe','16 rue de la R?blique, 75010 Paris','0145279274');
INSERT INTO DOCGIA VALUES (3,'Dupont','Yvan','73 rue Lamarck, 75018 Paris','0163538294');
INSERT INTO DOCGIA VALUES (4,'Mercier','Claude','155 avenue Parmentier, 75011 Paris','0136482736');
INSERT INTO DOCGIA VALUES (5,'L?r','Marc','90 avenue du Maine, 75014 Paris','0164832947');
INSERT INTO DOCGIA VALUES (6,'Martin','Laure','51 boulevard Diderot, 75012 Paris','0174693277');
INSERT INTO DOCGIA VALUES (7,'Crozier','Martine','88 rue des Portes Blanches, 75018 Paris','0146829384');
INSERT INTO DOCGIA VALUES (8,'Lebon','Cl?nt','196 boulevard de Sebastopol, 75001 Paris','0132884739');
INSERT INTO DOCGIA VALUES (9,'Dufour','Jacques','32 rue des Alouettes, 75003 Paris','0155382940');
INSERT INTO DOCGIA VALUES (10,'Dufour','Antoine','32 rue des Alouettes, 75003 Paris','0155382940');
INSERT INTO DOCGIA VALUES (11,'Dufour','St?anie','32 rue des Alouettes, 75003 Paris','0155382940');
INSERT INTO DOCGIA VALUES (12,'Raymond','Carole','35 rue Oberkampf, 75011 Paris','0153829402');
INSERT INTO DOCGIA VALUES (13,'Durand','Albert','4 rue Mandar, 75002 Paris','0642374021');
INSERT INTO DOCGIA VALUES (14,'Wilson','Paul','12 rue Paul Vaillant Couturier, 92400 Montrouge','0642327407');
INSERT INTO DOCGIA VALUES (15,'Grecault','Philippe','15 rue de la Roquette, 75012 Paris','0132762983');
INSERT INTO DOCGIA VALUES (16,'Carre','St?ane','51 boulevard Diderot, 75012 Paris','0174693277');
INSERT INTO DOCGIA VALUES (17,'Johnson','Astrid','3 rue L? Blum, 75002 Paris','0143762947');
INSERT INTO DOCGIA VALUES (18,'Mirou','Caroline','2 square Mirabeau, 75011 Paris','0163827399');
INSERT INTO DOCGIA VALUES (19,'Espelette','Jean-Jacques','141 avenue de France, 75019 Paris','0134887264');
INSERT INTO DOCGIA VALUES (20,'Despentes','Anthony','56 boulevard de la Villette, 75019 Paris','0133889463');
INSERT INTO DOCGIA VALUES (21,'Terlu','V?nique','45 rue des Batignolles, 75020 Paris','0165998372');
INSERT INTO DOCGIA VALUES (22,'Rihour','C?le','7 rue Montorgueil, 75002 Paris','0166894754');
INSERT INTO DOCGIA VALUES (23,'Franchet','Pierre','160 rue Montmartre, 75009 Paris','0633628549');
INSERT INTO DOCGIA VALUES (24,'Trochet','Ernest','34 rue de l''Esperance, 75008 Paris','0638295563');
INSERT INTO DOCGIA VALUES (25,'Gainard','Simon','55 rue Desnouettes, 75015 Paris','0174928934');
INSERT INTO DOCGIA VALUES (26,'Touche','Johanna','14 rue du Bac, 75006 Paris','0619384065');
INSERT INTO DOCGIA VALUES (27,'Cornu','Sylvain','22 rue Mouffetard, 75005 Paris','0184927489');
INSERT INTO DOCGIA VALUES (28,'Frederic','Cyril','15 rue du Simplon, 75018 Paris','0173625492');
INSERT INTO DOCGIA VALUES (29,'Crestard','Cedric','5 rue Doudeauville, 75018 Paris','0629485700');
INSERT INTO DOCGIA VALUES (30,'Le Bihan','Karine','170 bis rue Ordener, 75018 Paris','0638995221');

INSERT INTO SACH VALUES (1,'GF',1);
INSERT INTO SACH VALUES (2,'FOLIO',2);
INSERT INTO SACH VALUES (3,'HACHETTE',3);
INSERT INTO SACH VALUES (4,'GF',4);
INSERT INTO SACH VALUES (5,'FOLIO',5);
INSERT INTO SACH VALUES (6,'FOLIO',6);
INSERT INTO SACH VALUES (7,'GF',7);
INSERT INTO SACH VALUES (8,'FOLIO',8);
INSERT INTO SACH VALUES (9,'HACHETTE',9);
INSERT INTO SACH VALUES (10,'GF',10);
INSERT INTO SACH VALUES (11,'HACHETTE',11);
INSERT INTO SACH VALUES (12,'FOLIO',12);
INSERT INTO SACH VALUES (13,'GF',13);
INSERT INTO SACH VALUES (14,'FOLIO',14);
INSERT INTO SACH VALUES (15,'HACHETTE',15);
INSERT INTO SACH VALUES (16,'HACHETTE',16);
INSERT INTO SACH VALUES (17,'GF',1);
INSERT INTO SACH VALUES (18,'FOLIO',2);
INSERT INTO SACH VALUES (19,'HACHETTE',2);
INSERT INTO SACH VALUES (20,'FOLIO',4);
INSERT INTO SACH VALUES (21,'GF',5);
INSERT INTO SACH VALUES (22,'HACHETTE',4);
INSERT INTO SACH VALUES (23,'HACHETTE',7);
INSERT INTO SACH VALUES (24,'FOLIO',8);
INSERT INTO SACH VALUES (25,'GF',1);
INSERT INTO SACH VALUES (26,'HACHETTE',10);
INSERT INTO SACH VALUES (27,'FOLIO',11);
INSERT INTO SACH VALUES (28,'FOLIO',12);
INSERT INTO SACH VALUES (29,'GF',1);
INSERT INTO SACH VALUES (30,'HACHETTE',14);

INSERT INTO MUON VALUES (1,'9-2-2007','9-16-2007','9-7-2007',1);
INSERT INTO MUON VALUES (1,'10-1-2006','10-15-2006','10-11-2006',26);
INSERT INTO MUON VALUES (1,'6-14-2007','6-28-2007','6-19-2007',2);
INSERT INTO MUON VALUES (1,'4-27-2007','5-11-2007','5-8-2007',3);
INSERT INTO MUON VALUES (2,'8-23-2007','9-6-2007','9-2-2007',4);
INSERT INTO MUON VALUES (2,'10-6-2007','10-20-2007', NULL,28);
INSERT INTO MUON VALUES (9,'10-6-2007','10-20-2007', NULL,28);
INSERT INTO MUON VALUES (3,'9-9-2007','9-23-2007','9-13-2007',3);
INSERT INTO MUON VALUES (4,'2-8-2007','2-22-2007','2-12-2007',12);
INSERT INTO MUON VALUES (4,'2-7-2006','2-21-2006','2-20-2006',4);
INSERT INTO MUON VALUES (4,'6-17-2007','7-1-2007','6-27-2007',5);
INSERT INTO MUON VALUES (5,'10-4-2007','10-19-2007', NULL,16);
INSERT INTO MUON VALUES (6,'3-11-2007','3-25-2007','3-16-2007',3);
INSERT INTO MUON VALUES (8,'7-14-2007','7-28-2007','7-20-2007',18);
INSERT INTO MUON VALUES (8,'3-9-2007','3-23-2007','3-27-2007',13);
INSERT INTO MUON VALUES (10,'4-11-2007','4-25-2007','4-23-2007',8);
INSERT INTO MUON VALUES (10,'1-27-2006','2-10-2006','1-31-2006',7);
INSERT INTO MUON VALUES (11,'10-1-2007','10-15-2007', NULL,22);
INSERT INTO MUON VALUES (12,'3-3-2003','3-17-2003','3-13-2003',7);
INSERT INTO MUON VALUES (14,'10-2-2007','10-16-2007', NULL,1);
INSERT INTO MUON VALUES (15,'5-4-2007','5-18-2007','5-12-2007',10);
INSERT INTO MUON VALUES (16,'10-5-2007','10-19-2007', NULL,2);
INSERT INTO MUON VALUES (18,'7-4-2007','7-18-2007','7-11-2007',3);
INSERT INTO MUON VALUES (20,'12-17-2006','12-31-2006','12-17-2006',27);
INSERT INTO MUON VALUES (20,'9-6-2007','9-20-2007','9-22-2007',9);
INSERT INTO MUON VALUES (21,'9-7-2007','9-21-2007','9-19-2007',14);
INSERT INTO MUON VALUES (24,'2-14-2007','2-28-2007','2-20-2007',26);
INSERT INTO MUON VALUES (25,'8-19-2006','9-2-2006','9-3-2006',1);
INSERT INTO MUON VALUES (26,'11-15-2006','11-29-2006','11-22-2006',9);
INSERT INTO MUON VALUES (29,'9-20-2007','10-4-2007', NULL,27);

-- Câu 1
SELECT * FROM DOCGIA;
SELECT * FROM SACH;
SELECT * FROM SACH;
SELECT * FROM MUON;

-- Câu 2

-- Câu 3
SELECT NT, TUA
FROM TACPHAM
WHERE TACGIA='Guy de Maupassant';

-- Câu 4
SELECT *
FROM DOCGIA
WHERE DCHI='32 rue des Alouettes, 75003 Paris';

-- Câu 5
SELECT s.NXB
FROM SACH s JOIN TACPHAM t ON s.NT = t.NT
WHERE t.TUA LIKE '%Fleur%';

-- Câu 6
SELECT TUA
FROM TACPHAM
WHERE TUA LIKE 'Le%';

-- Câu 7
SELECT d.TEN
FROM DOCGIA d JOIN MUON m ON d.ND = m.ND
WHERE m.NGAYMUON BETWEEN '09-15-2007' AND '09-20-2007';

-- Câu 8
SELECT DISTINCT s.NXB
FROM SACH s JOIN TACPHAM t ON s.NT = t.NT
WHERE t.TUA LIKE '%Germinal%';

-- Câu 9
SELECT DISTINCT d.TEN
FROM DOCGIA d JOIN MUON m ON d.ND = m.ND
              JOIN SACH s ON m.NS = s.NS
              JOIN TACPHAM t ON s.NT = t.NT
WHERE t.TUA = 'Po?e';

-- Câu 10
SELECT DISTINCT d.*
FROM DOCGIA d JOIN MUON m ON d.ND = m.ND
              JOIN SACH s ON m.NS = s.NS
              JOIN TACPHAM t ON s.NT = t.NT
WHERE t.TUA='Les Fleurs du mal';

-- Câu 11
SELECT t.TUA, d.TEN
FROM DOCGIA d JOIN MUON m ON d.ND = m.ND
              JOIN SACH s ON m.NS = s.NS
              JOIN TACPHAM t ON s.NT = t.NT
WHERE m.NGAYTRA > m.HANTRA;

-- Câu 12
SELECT t.TUA, d.TEN
FROM DOCGIA d JOIN MUON m ON d.ND = m.ND
              JOIN SACH s ON m.NS = s.NS
              JOIN TACPHAM t ON s.NT = t.NT
WHERE m.NGAYTRA < m.HANTRA;

-- Câu 13
SELECT DISTINCT d.TEN
FROM DOCGIA d JOIN MUON m ON d.ND = m.ND
              JOIN SACH s ON m.NS = s.NS
              JOIN TACPHAM t ON s.NT = t.NT
WHERE t.TACGIA='Victor Hugo';

-- Câu 14
SELECT DISTINCT d.TEN, t.TUA
FROM DOCGIA d JOIN MUON m ON d.ND = m.ND
              JOIN SACH s ON m.NS = s.NS
              JOIN TACPHAM t ON s.NT = t.NT
WHERE EXTRACT(YEAR FROM m.NGAYMUON)=2007
ORDER BY d.TEN;

-- Câu 15
SELECT COUNT(*) SOTACPHAM
FROM DOCGIA d JOIN MUON m ON d.ND = m.ND
              JOIN SACH s ON m.NS = s.NS
              JOIN TACPHAM t ON s.NT = t.NT
WHERE m.NGAYTRA < m.HANTRA;

-- Câu 16
SELECT DISTINCT t.TUA
FROM SACH s JOIN TACPHAM t ON s.NT = t.NT
GROUP BY t.TUA
HAVING COUNT(s.NT) >= 2
ORDER BY t.TUA;

-- Câu 17
SELECT t.TACGIA, COUNT(*) SOTACPHAM
FROM SACH s JOIN TACPHAM t ON s.NT = t.NT
GROUP BY t.TACGIA;

-- Câu 18
SELECT t.TUA, COUNT(*) SOTACPHAM
FROM SACH s JOIN TACPHAM t ON s.NT = t.NT
GROUP BY t.TUA;

-- Câu 19
SELECT d.TEN, COUNT(m.NGAYMUON) SOLANMUON
FROM DOCGIA d JOIN MUON m ON d.ND = m.ND
GROUP BY d.TEN;

-- Câu 20
SELECT t.TUA
FROM TACPHAM t JOIN SACH s ON t.NT = s.NT
GROUP BY t.TUA
HAVING COUNT(s.NS) >= 3;

-- Câu 21
CREATE TABLE CAU21 AS
SELECT t.TUA, COUNT(s.NS) SOSACH
FROM TACPHAM t JOIN SACH s ON t.NT = s.NT
GROUP BY t.TUA;

SELECT * FROM CAU21;

SELECT MAX(SOSACH)
FROM CAU21;

-- Câu 22
CREATE TABLE CAU22 AS
SELECT DISTINCT s.NXB, COUNT(s.NS) SOSACH
FROM SACH s JOIN TACPHAM t ON s.NT = t.NT
GROUP BY s.NXB;

SELECT NXB
FROM CAU22
WHERE SOSACH = (SELECT MAX(SOSACH) FROM CAU22);

-- Câu 23
SELECT COUNT(*) SOTACGIA
FROM (
    SELECT t.TACGIA, COUNT(*) SOTACPHAM
    FROM TACPHAM t JOIN SACH s ON t.NT = s.NT
    GROUP BY t.TACGIA
    HAVING COUNT(t.NT) >= 2
);

-- Câu 24
CREATE TABLE CAU24 AS
    SELECT t.TUA, COUNT(m.NGAYMUON) SONGAYMUON
    FROM MUON m JOIN SACH s ON m.ns = s.ns
                JOIN TACPHAM t ON s.nt = t.nt
    GROUP BY t.TUA
    ORDER BY t.TUA;

SELECT TUA
FROM CAU24
WHERE SONGAYMUON = (SELECT MAX(SONGAYMUON) FROM CAU24);

-- Câu 25
SELECT TUA
FROM CAU24
WHERE SONGAYMUON = (SELECT MIN(SONGAYMUON) FROM CAU24);

-- Câu 26
CREATE TABLE CAU26 AS
    SELECT d.HO, d.TEN, COUNT(*) SOLANMUON
    FROM DOCGIA d JOIN MUON m ON d.ND = m.ND
    GROUP BY d.Ho, d.TEN
    ORDER BY d.Ho, d.TEN;

SELECT HO, TEN
FROM CAU26
WHERE SOLANMUON = (SELECT MAX(SOLANMUON) FROM CAU26);

-- Câu 27
SELECT HO, TEN
FROM CAU26
WHERE SOLANMUON = (SELECT MIN(SOLANMUON) FROM CAU26);

-- Câu 28
SELECT DISTINCT t.TUA
FROM SACH s LEFT JOIN MUON m ON s.NS = m.NS
                 JOIN TACPHAM t ON s.NT = t.NT
WHERE m.NGAYMUON IS NULL;

-- Câu 29
--C1
SELECT TUA
FROM TACPHAM
MINUS
SELECT DISTINCT t.TUA
FROM SACH s LEFT JOIN MUON m ON s.NS = m.NS
                 JOIN TACPHAM t ON s.NT = t.NT
WHERE m.NGAYMUON IS NULL
ORDER BY TUA;

--C2
SELECT TUA
FROM TACPHAM
WHERE NT NOT IN (
    SELECT NT
    FROM SACH s LEFT JOIN MUON m ON s.NS = m.NS
    WHERE NGAYMUON IS NULL
)
ORDER BY TUA;

--C3
SELECT t.TUA
FROM TACPHAM t LEFT JOIN (SELECT NT
                          FROM SACH s LEFT JOIN MUON m ON s.NS = m.NS
                          WHERE NGAYMUON IS NULL) bn ON  t.NT = bn.NT
WHERE bn.NT IS NULL
ORDER BY t.TUA;

-- Câu 30
SELECT d.HO, d.TEN
FROM DOCGIA d LEFT JOIN MUON m ON d.ND = m.ND
WHERE m.ND IS NULL;

-- Câu 31
SELECT DISTINCT s.NXB
FROM SACH s LEFT JOIN MUON m ON s.NS = m.NS
WHERE m.NS IS NULL;